	Node	Authority	Hubness	Ranks
0	1	0.0	0.0028875278781204656	0.0001221498371335505
1	10	0.0005499952110789418	0.0	0.00012874770774899962
2	100	6.011361554569982e-07	0.0	0.00013195630766923023
3	1000	1.6584972135381401e-15	0.0	0.00012785496277057488
4	1001	0.00018607714016579804	0.0	0.0001328439691788737
5	1002	3.323664445092291e-05	0.0	0.00012672610394698106
6	1003	0.0025204212189440527	0.0029006168520158393	0.00016552841068885932
7	1004	0.0005499952110789418	0.0	0.00012874770774899962
8	1005	3.956393641960153e-05	0.0	0.00012647819403681588
9	1006	0.0006463689344313589	0.0	0.0002077823797608343
10	1007	6.521093309632641e-15	0.0	0.00013733318022152388
11	1008	5.300676723744841e-33	0.0	0.00012959584658341379
12	1009	0.0005206175793945003	0.0018441376756781803	0.0001522940881151247
13	101	0.0010243998620863466	0.0	0.0001306272009098066
14	1010	5.771925829883609e-31	0.0	0.00012635517384279886
15	1011	6.011361554569982e-07	0.0	0.00013195630766923023
16	1012	3.4208080430029636e-05	0.0	0.00012516599121525102
17	1013	3.9873309535533174e-05	0.0	0.00012639922774602174
18	1014	2.2461435294627534e-15	0.0	0.00012826965963077183
19	1015	2.6472709099492226e-15	3.076001134467438e-14	0.00012985498460348245
20	1016	0.0007295584641226755	0.0	0.00013436495377435942
21	1017	0.0014462704006137225	0.0	0.00013633360562976906
22	1018	2.8529141200499896e-06	0.0	0.00012466867654130373
23	1019	0.0020983412775161963	0.009022981717214773	0.00014283228244802218
24	102	0.0003716018016760826	8.716531452156679e-05	0.00012690726575585542
25	1020	0.0004563510637730331	0.0	0.0001270865173308072
26	1021	0.005210985989569187	0.0	0.00036174134026328473
27	1022	4.25681919759102e-15	0.0	0.00012407027202862434
28	1023	0.0002477426382139329	0.0	0.00013221063007264703
29	1024	0.0003554564337730373	0.0	0.00013563302056031638
30	1025	0.0002913836858593566	0.0	0.00013065052860318472
31	1026	0.00037486518887047416	7.604007008739084e-05	0.00013038698110722565
32	1027	2.4545054782718643e-15	0.0	0.0001273623503118788
33	1028	5.300676723744841e-33	0.0	0.00012959584658341379
34	1029	0.0003335372216586693	0.0	0.00012793114380406568
35	103	5.262954677937936e-15	4.7639711956418494e-61	0.00013491210579202648
36	1030	3.92695019893826e-05	0.0	0.00012756438667398882
37	1031	0.001529245600051397	0.0	0.00013951324031366303
38	1032	0.0008992703342475009	0.0	0.0001680072254908749
39	1033	0.0007464774649182154	0.0	0.0001296339580375806
40	1034	0.0003405200969833976	0.0	0.0001263588968099601
41	1035	3.273949780089321e-05	0.0	0.00012973451571075397
42	1036	1.4017695147185972e-05	0.0	0.00013010195534279628
43	1037	0.0014311765681988755	0.0	0.00014211198937832858
44	1038	0.0005007587186155011	0.0	0.00012712238881317365
45	1039	2.615683767988713e-15	0.0	0.00012720695832209452
46	104	0.00036667200573969454	0.0	0.0001267157167986063
47	1040	0.00042618759333408474	0.0	0.0001269816442866491
48	1041	2.6472709099492226e-15	0.0	0.00012985498460348245
49	1042	2.429840210891553e-15	0.0	0.00012677164410563818
50	1043	0.0003432191561322211	0.0	0.00014217999029178012
51	1044	4.0462335117363757e-05	0.0	0.0001257553806835261
52	1045	1.2210691553710735e-14	0.0	0.00012887130706705732
53	1046	4.0812773172238074e-05	0.0	0.00012498276420853133
54	1047	2.8529141200499896e-06	0.0	0.00012466867654130373
55	1048	8.484725522456683e-06	0.0	0.00013997992605787623
56	1049	0.0010665712139970808	0.0	0.00019561463689057523
57	105	3.7424447378325696e-05	0.0	0.00012846338556043492
58	1050	2.8529141200499896e-06	0.0	0.00012466867654130373
59	1051	1.3360208887434682e-14	0.0	0.00013833025773979778
60	1052	0.02450473920900106	0.00022878034129544017	0.0006922269817679403
61	1053	0.00037413238265208873	0.0	0.0001261131566551123
62	1054	0.0005894538832947419	0.0	0.00012536197551137534
63	1055	2.2461435294627534e-15	0.0	0.00012826965963077183
64	1056	0.0005499952110789418	0.0	0.00012874770774899962
65	1057	0.00044891455733054745	0.0	0.00012703655089566873
66	1058	0.0006899350308671507	0.003984898289801017	0.00016635233411555592
67	1059	3.956393641960153e-05	0.0	0.00012647819403681588
68	106	0.0008123166860458816	0.0010418929887549896	0.00016712853251542195
69	1060	0.00036574170728036616	0.0	0.0001386286875648513
70	1061	3.323664445092291e-05	0.0	0.00012672610394698106
71	1062	2.8529141200499896e-06	0.0	0.00012466867654130373
72	1063	3.323664445092291e-05	0.0	0.00012672610394698106
73	1064	1.4570389232097655e-40	0.0	0.0001516768113122553
74	1065	4.056142574381281e-05	0.0	0.00012554934962352748
75	1066	4.100870407377633e-05	0.0	0.00012586805391946284
76	1067	4.056142574381281e-05	0.0	0.00012554934962352748
77	1068	5.135477686433123e-07	0.0	0.00014142621977040974
78	1069	4.25681919759102e-15	0.0	0.00012407027202862434
79	107	2.6472709099492226e-15	0.0	0.00012985498460348245
80	1070	4.765849867634531e-14	0.0	0.0002010654103523631
81	1071	0.0057978822438696336	0.01327336858697516	0.00020326639021924774
82	1072	4.398186563247574e-15	0.0	0.00012379725111732602
83	1073	0.00012523122383804904	0.0	0.00013206855130206574
84	1074	0.00044483578427884784	0.001053025604949296	0.00019170739159878088
85	1075	3.9873309535533174e-05	0.0	0.00012639922774602174
86	1076	2.429840210891553e-15	0.0	0.00012677164410563818
87	1077	1.6584972135381401e-15	0.0	0.00012785496277057488
88	1078	5.262954677937936e-15	1.3646605486148782e-14	0.00013491210579202648
89	1079	7.953872356119717e-15	0.0	0.00012695087217198204
90	108	3.4208080430029636e-05	0.0	0.00012516599121525102
91	1080	5.300676723744841e-33	0.0	0.00012959584658341379
92	1081	0.00019829959037481518	0.0	0.00014412105734890436
93	1082	2.8529141200499896e-06	0.0	0.00012466867654130373
94	1083	4.0812773172238074e-05	0.0	0.00012498276420853133
95	1084	0.005035125551031653	0.004195769104077542	0.0003487458416020551
96	1085	3.332138740632266e-05	0.0	0.00012781569128351216
97	1086	0.0002219425957734969	0.0	0.00013479021416269764
98	1087	4.398186563247574e-15	0.0	0.00012379725111732602
99	1088	0.000857262004849113	0.0	0.00013020823440403504
100	1089	0.011323620548146335	0.0	0.0002461235841228823
101	109	0.0005409530600125496	0.0	0.0001263473480926846
102	1090	3.26338719439152e-06	0.0	0.00012562955248492073
103	1091	0.0009150854426646383	0.0	0.0001303106676142464
104	1092	1.2210691553710735e-14	0.0	0.00012887130706705732
105	1093	0.0016693206404338546	0.0	0.00013965044921530472
106	1094	0.0014457759838039643	0.0	0.00014237907919642382
107	1095	0.00037413238265208873	0.0	0.0001261131566551123
108	1096	0.00012287009240836172	0.0	0.0001284594461231033
109	1097	0.00016087514299648948	0.0	0.00013780750892201948
110	1098	0.0005894538832947419	0.0	0.00012536197551137534
111	1099	0.0009060708684048399	0.0	0.0001855242435653764
112	11	0.0003684201736087763	0.0	0.00018976881040752493
113	110	0.0004305625335081574	0.0	0.00012628042351350364
114	1100	0.00013790929644433395	0.0	0.0001362010968738727
115	1101	5.300676723744841e-33	0.0	0.00012959584658341379
116	1102	5.135477686433123e-07	0.0	0.00014142621977040974
117	1103	3.92695019893826e-05	0.0	0.00012756438667398882
118	1104	3.9038608963074826e-05	0.0	0.0001279695258070849
119	1105	3.323664445092291e-05	0.0	0.00012672610394698106
120	1106	3.0759016960845755e-15	0.0	0.00012593681447964627
121	1107	7.330748868936498e-05	0.0	0.0001289456845080194
122	1108	0.0005447243194792638	0.0	0.00012574867585951607
123	1109	6.116301314441509e-06	0.0	0.00012814839189267396
124	111	2.429840210891553e-15	0.0	0.00012677164410563818
125	1110	5.300676723744841e-33	0.0	0.00012959584658341379
126	1111	6.116301314441509e-06	0.0	0.00012814839189267396
127	1112	2.00597363230682e-14	0.0	0.0001517268648213324
128	1113	0.006091483091472802	0.009744259191444296	0.00017951536638271872
129	1114	3.956393641960153e-05	0.0	0.00012647819403681588
130	1115	5.771925829883609e-31	0.0	0.00012635517384279886
131	1116	0.000386939484661026	0.0	0.00012849667354460016
132	1117	3.956393641960153e-05	0.0	0.00012647819403681588
133	1118	0.0007365422467992524	0.0018430450764523579	0.00015798906427488406
134	1119	0.001047402057474998	0.0	0.00013126946643243797
135	112	0.00012523122383804904	0.0	0.00013206855130206574
136	1120	7.639080229718017e-54	0.0	0.00017905806618712176
137	1121	0.002802101141023614	1.3894957516823711e-05	0.0001587466805388409
138	1122	0.0004506397769851688	0.0	0.00012731114951371482
139	1123	0.027666423509140156	0.0	0.0005218793247578834
140	1124	0.00042618759333408474	0.0	0.0001269816442866491
141	1125	3.4208080430029636e-05	0.0	0.00012516599121525102
142	1126	4.398186563247574e-15	0.0	0.00012379725111732602
143	1127	3.332138740632266e-05	0.0	0.00012781569128351216
144	1128	3.332138740632266e-05	0.0	0.00012781569128351216
145	1129	0.00037934585568180043	0.0	0.0001268417311678073
146	113	5.300676723744841e-33	0.0	0.00012959584658341379
147	1130	0.0008985249453143145	0.0	0.0001666340137023926
148	1131	0.0008814731569959472	0.010121245539523234	0.0001305564077690942
149	1132	2.8529141200499896e-06	0.0	0.00012466867654130373
150	1133	3.273949780089321e-05	0.0	0.00012973451571075397
151	1134	0.004512222085342939	0.001970959395906034	0.000317521886795897
152	1135	4.056142574381281e-05	0.0	0.00012554934962352748
153	1136	2.615683767988713e-15	0.0	0.00012720695832209452
154	1137	3.839614203446834e-05	0.0	0.00013200678550502693
155	1138	3.116805850792429e-05	0.0	0.00012985523600908894
156	1139	0.00012523122383804904	0.004460555285399632	0.00013206855130206574
157	114	6.300446937342196e-05	0.0	0.00012450408356885954
158	1140	4.0812773172238074e-05	0.0	0.00012498276420853133
159	1141	6.011361554569982e-07	0.0	0.00013195630766923023
160	1142	0.0003805052753745458	0.0	0.0001440902211844499
161	1143	0.0004676958613269906	0.0040531022493002855	0.00014534340049134065
162	1144	4.398186563247574e-15	0.0	0.00012379725111732602
163	1145	0.00580056246542598	0.0	0.00020974873239739859
164	1146	2.6472709099492226e-15	0.0	0.00012985498460348245
165	1147	0.013796594682493155	0.0	0.0002730867082118803
166	1148	2.130074765707146e-38	0.0	0.00013130237076041163
167	1149	0.0015850005472064304	0.0	0.00014098123543054882
168	115	0.0003554564337730373	0.0	0.00013563302056031638
169	1150	0.00036880981078388366	0.013759412213856213	0.0001330168222192352
170	1151	0.02982356736698438	0.0	0.000559311570521209
171	1152	7.993788991322735e-05	0.0	0.00013135685012723898
172	1153	2.429840210891553e-15	0.0	0.00012677164410563818
173	1154	2.8529141200499896e-06	0.0	0.00012466867654130373
174	1155	0.0018946878822792394	0.0	0.00014117757322787308
175	1156	0.00016087514299648948	0.0	0.00013780750892201948
176	1157	0.0003805052753745458	0.010948625789288168	0.0001440902211844499
177	1158	6.116301314441509e-06	0.0	0.00012814839189267396
178	1159	5.771925829883609e-31	0.0	0.00012635517384279886
179	116	3.273949780089321e-05	0.0	0.00012973451571075397
180	1160	4.056142574381281e-05	0.0	0.00012554934962352748
181	1161	5.262954677937936e-15	0.0	0.00013491210579202648
182	1162	0.0009034275345154767	0.0	0.00017301330875565678
183	1163	0.000315302882186036	0.003264758294849386	0.00013509408512698534
184	1164	5.300676723744841e-33	0.0	0.00012959584658341379
185	1165	0.0012556055396480358	0.0	0.000134519727290656
186	1166	0.00036574170728036616	4.8212815241729794e-05	0.0001386286875648513
187	1167	0.0013685137034634871	0.0	0.00013402271854526075
188	1168	0.00044587988378757333	0.0	0.00012631148107315087
189	1169	3.323664445092291e-05	0.0	0.00012672610394698106
190	117	0.00024688645650317476	0.0010671906463886741	0.00017313427613061485
191	1170	2.8529141200499896e-06	0.0	0.00012466867654130373
192	1171	0.0003422990455848371	0.0	0.00012638394938942148
193	1172	6.749393412635141e-05	0.0	0.0001306711443923417
194	1173	4.398186563247574e-15	0.0	0.00012379725111732602
195	1174	0.0006100713948580354	0.0016540404423766631	0.00016027271791624881
196	1175	2.8529141200499896e-06	0.0	0.00012466867654130373
197	1176	1.4570389232097655e-40	0.0	0.0001516768113122553
198	1177	2.2461435294627534e-15	0.0	0.00012826965963077183
199	1178	4.0462335117363757e-05	0.0	0.0001257553806835261
200	1179	0.0008729470037374688	0.0	0.00016762335770862695
201	118	8.655005760838593e-15	0.0	0.00012571768601240036
202	1180	0.0005409530600125496	0.0	0.0001263473480926846
203	1181	2.2461435294627534e-15	0.0	0.00012826965963077183
204	1182	4.398186563247574e-15	0.0	0.00012379725111732602
205	1183	0.0005857187701010933	0.001490156620302314	0.00014547781894951143
206	1184	0.005691578437247197	0.0	0.00018482452707169992
207	1185	0.00012287009240836172	0.0	0.0001284594461231033
208	1186	0.000971193997964021	0.0	0.00013185351306318235
209	1187	3.4208080430029636e-05	0.0	0.00012516599121525102
210	1188	5.262954677937936e-15	1.7166305981473185e-14	0.00013491210579202648
211	1189	1.2581186084956032e-14	0.0	0.00014442480523971132
212	119	0.0004305625335081574	0.0	0.00012628042351350364
213	1190	6.116301314441509e-06	0.0	0.00012814839189267396
214	1191	0.00035703274388882876	0.0	0.00012945718409664502
215	1192	0.0004005076370371975	0.0	0.0001378070577688151
216	1193	2.615683767988713e-15	0.0	0.00012720695832209452
217	1194	0.0025037863646016818	0.0	0.0001439069755776696
218	1195	0.0003335372216586693	0.0	0.00012793114380406568
219	1196	2.615683767988713e-15	0.0	0.00012720695832209452
220	1197	6.116301314441509e-06	0.0	0.00012814839189267396
221	1198	3.4208080430029636e-05	0.0	0.00012516599121525102
222	1199	0.016970107027379243	0.014875706361692172	0.0003182502296863701
223	12	0.0004381594694677719	0.0	0.00012572967866284322
224	120	8.837103397194378e-15	0.0	0.00014291922303973014
225	1200	5.135477686433123e-07	0.0	0.00014142621977040974
226	1201	0.0002453218081171772	0.0	0.0001325605165644582
227	1202	0.001357932755695117	0.0	0.0001344819978829777
228	1203	2.130074765707146e-38	0.0	0.00013130237076041163
229	1204	1.4570389232097655e-40	0.0	0.0001516768113122553
230	1205	0.0004381594694677719	0.0	0.00012572967866284322
231	1206	3.26338719439152e-06	0.0	0.00012562955248492073
232	1207	2.130074765707146e-38	0.0	0.00013130237076041163
233	1208	3.328585369632178e-05	0.0	0.00012765499031064118
234	1209	7.330748868936498e-05	0.0	0.0001289456845080194
235	121	0.00036667200573969454	0.0	0.0001267157167986063
236	1210	3.4208080430029636e-05	0.0	0.00012516599121525102
237	1211	2.8529141200499896e-06	0.0	0.00012466867654130373
238	1212	0.00036667200573969454	0.0	0.0001267157167986063
239	1213	0.00018084340097178695	0.0	0.00013393969310619006
240	1214	2.8529141200499896e-06	0.0	0.00012466867654130373
241	1215	0.00037577166644972674	0.0	0.00012616830397416134
242	1216	0.00044587988378757333	0.0	0.00012631148107315087
243	1217	0.00043507497855091275	0.0	0.00012567946434582084
244	1218	2.6472709099492226e-15	0.0	0.00012985498460348245
245	1219	1.6584972135381401e-15	0.0	0.00012785496277057488
246	122	3.332138740632266e-05	0.0	0.00012781569128351216
247	1220	0.0003335372216586693	0.0	0.00012793114380406568
248	1221	0.004366188480618732	0.0	0.00018503822861625716
249	1222	3.7424447378325696e-05	0.0	0.00012846338556043492
250	1223	6.978550177357984e-05	0.0	0.00013113287939695196
251	1224	3.273949780089321e-05	0.0	0.00012973451571075397
252	1225	0.0010280197345463268	0.0	0.00013188045627346277
253	1226	0.00016015802198782173	0.0	0.0001299757193645904
254	1227	0.013390727536926196	0.00961360009815758	0.0003807016496969191
255	1228	5.536043643226785e-15	0.0	0.00013055190721462655
256	123	3.273949780089321e-05	0.0	0.00012973451571075397
257	124	2.777368298073422e-15	0.0	0.0001274971804849953
258	125	0.0003911116210006765	0.0	0.00012822958999947549
259	126	0.0003405200969833976	0.0	0.0001263588968099601
260	127	0.00039469587783526447	0.0	0.00012868011258315994
261	128	3.116805850792429e-05	0.0	0.00012985523600908894
262	129	0.0003777181029905241	0.0	0.00013290582051497888
263	13	8.33885637402251e-15	1.9693631763508902e-14	0.00013869908313812718
264	130	2.8529141200499896e-06	0.0	0.00012466867654130373
265	131	2.6472709099492226e-15	1.3620767683501766e-14	0.00012985498460348245
266	132	3.323664445092291e-05	0.0	0.00012672610394698106
267	133	0.0007126139126344921	0.0	0.00014223612899317932
268	134	0.013216953194045714	0.009977164199361795	0.000294047831730292
269	135	0.0007247066676130895	0.004370708060986399	0.00015907589534379615
270	136	3.92695019893826e-05	0.0	0.00012756438667398882
271	137	0.002506238239432105	0.0	0.0001450789283864307
272	138	5.11056875097256e-07	0.0	0.00016008865650259801
273	139	0.004535199749174394	0.0	0.0001629787174014392
274	14	2.429840210891553e-15	0.0	0.00012677164410563818
275	140	0.0005499952110789418	0.014129794724446611	0.00012874770774899962
276	141	0.0003805052753745458	0.0	0.0001440902211844499
277	142	0.003565732189735956	0.0	0.000284569393970321
278	143	0.0009091415466946006	0.0	0.0001702982624827119
279	144	4.398186563247574e-15	0.0	0.00012379725111732602
280	145	4.398186563247574e-15	0.0	0.00012379725111732602
281	146	5.430902513935099e-15	0.0	0.00013075186507135298
282	147	3.4208080430029636e-05	0.0	0.00012516599121525102
283	148	1.6584972135381401e-15	0.0	0.00012785496277057488
284	149	6.011361554569982e-07	0.0	0.00013195630766923023
285	15	3.6050077042892375e-14	0.0	0.0002093544075548046
286	150	2.777368298073422e-15	0.0	0.0001274971804849953
287	151	0.0011997950685876618	0.0	0.0001399159975766029
288	152	3.273949780089321e-05	0.0	0.00012973451571075397
289	153	4.25681919759102e-15	0.0	0.00012407027202862434
290	154	0.0007432538289460337	0.001666873770122121	0.00015787299625013586
291	155	3.7424447378325696e-05	0.0	0.00012846338556043492
292	156	0.0006496941623702703	0.0010357017295019322	0.0002203317871271206
293	157	0.0004473255359192657	0.0010095021427437218	0.00019312030482234713
294	158	5.828770863210192e-15	0.0	0.00013299531252673936
295	159	3.4208080430029636e-05	0.0	0.00012516599121525102
296	16	3.116805850792429e-05	0.0	0.00012985523600908894
297	160	0.0017932565516723762	0.0	0.000147277458095214
298	161	0.00012287009240836172	0.0	0.0001284594461231033
299	162	3.036170590368189e-14	0.0	0.00017482936061251434
300	163	2.815872390114357e-15	0.0	0.0001259528765099185
301	164	1.2581186084956032e-14	0.0	0.00014442480523971132
302	165	8.484725522456683e-06	0.0	0.00013997992605787623
303	166	0.0007816140544042833	0.0005172527926859551	0.00016332882155220842
304	167	0.0010380400602088681	0.0	0.0001304910070816362
305	168	2.4997067689905357e-15	0.0	0.0001262378644266231
306	169	0.0004213761217176179	0.013872335272701862	0.0001339017154201677
307	17	0.0012518749746333474	0.0	0.00013584658264734797
308	170	2.615030123820742e-15	0.0	0.00012694882569498354
309	171	0.004440311031110161	0.015943129261500977	0.00017761235736207923
310	172	1.2210691553710735e-14	0.0	0.00012887130706705732
311	173	3.956393641960153e-05	0.0	0.00012647819403681588
312	174	0.00028447410092353407	0.0	0.00013718024592109784
313	175	0.00036192337325741987	0.0	0.00012776099829688972
314	176	3.9873309535533174e-05	0.0	0.00012639922774602174
315	177	1.2210691553710735e-14	0.0	0.00012887130706705732
316	178	8.655005760838593e-15	0.0	0.00012571768601240036
317	179	2.429840210891553e-15	0.0	0.00012677164410563818
318	18	2.8529141200499896e-06	0.0	0.00012466867654130373
319	180	0.023505325771378576	0.011399223515589809	0.0004147721748217835
320	181	2.7201712531124274e-15	0.0	0.00012674886783825716
321	182	1.6584972135381401e-15	0.0	0.00012785496277057488
322	183	1.9475505646048633e-15	0.0	0.00012694882569498354
323	184	3.4208080430029636e-05	0.0	0.00012516599121525102
324	185	0.00036880981078388366	0.015219913026496395	0.0001330168222192352
325	186	0.0008932415031794979	0.0	0.00016683732060563763
326	187	0.0009150854426646383	0.009544716234324829	0.0001303106676142464
327	188	5.771925829883609e-31	0.0	0.00012635517384279886
328	189	4.632208100632243e-14	1.8293553757501647e-14	0.00021418395622068838
329	19	5.771925829883609e-31	0.0	0.00012635517384279886
330	190	3.26338719439152e-06	0.0	0.00012562955248492073
331	191	0.00016002698534976542	0.0040531022493002855	0.00013224474480164712
332	192	2.130074765707146e-38	0.0	0.00013130237076041163
333	193	0.0001825080170071114	0.0	0.00013396662509883954
334	194	0.0005499952110789418	0.014260707814769055	0.00012874770774899962
335	195	3.116805850792429e-05	0.0	0.00012985523600908894
336	196	0.0003422990455848371	0.0	0.00012638394938942148
337	197	0.00027138261725125924	0.0	0.00013146179984823518
338	198	0.0004381594694677719	0.0	0.00012572967866284322
339	199	0.0008241197156834395	0.00100833696235261	0.00016020072185949556
340	2	0.0008852444164626613	0.0	0.00012995773553592567
341	20	2.7201712531124274e-15	0.0	0.00012674886783825716
342	200	3.9038608963074826e-05	0.0	0.0001279695258070849
343	201	1.6584972135381401e-15	0.0	0.00012785496277057488
344	202	0.0019602808828879637	0.010760326145293465	0.00015481865661518492
345	203	0.001970741264297982	6.039050945625396e-31	0.00015831855846582034
346	204	3.332138740632266e-05	0.0	0.00012781569128351216
347	205	0.0005894538832947419	0.0	0.00012536197551137534
348	206	3.956393641960153e-05	0.0	0.00012647819403681588
349	207	4.3057681234873625e-15	2.977131708973075e-14	0.00013556011024050684
350	208	1.6584972135381401e-15	0.0	0.00012785496277057488
351	209	0.0003168594411279264	0.004169950419703976	0.00013879013879708045
352	21	6.978550177357984e-05	0.0	0.00013113287939695196
353	210	1.585991565642522e-14	0.0	0.0001424182850328716
354	211	0.0005894538832947419	0.0	0.00012536197551137534
355	212	5.463143300063579e-15	2.1512223196670198e-14	0.00013365802397985045
356	213	0.0003764444474610821	0.0	0.00012822958999947549
357	214	0.0005499952110789418	0.0	0.00012874770774899962
358	215	3.7424447378325696e-05	0.0	0.00012846338556043492
359	216	5.207208508964974e-15	0.0	0.00013211898745708298
360	217	3.116805850792429e-05	0.0	0.00012985523600908894
361	218	0.0005894538832947419	0.0	0.00012536197551137534
362	219	8.484725522456683e-06	0.00110086380238028	0.00013997992605787623
363	22	0.0002194502732495815	0.0	0.0001370592128150321
364	220	0.004747941189792694	0.003919837921031676	0.0003264062814577887
365	221	0.000756353296063525	0.0	0.0001344639787683217
366	222	3.116805850792429e-05	0.0	0.00012985523600908894
367	223	0.0008109136184907471	0.0	0.00016923757922220826
368	224	3.9873309535533174e-05	0.0	0.00012639922774602174
369	225	0.01227155696948555	0.0	0.00033630189362246786
370	226	4.398186563247574e-15	0.0	0.00012379725111732602
371	227	0.00016015802198782173	0.0	0.0001299757193645904
372	228	0.0005659223905623795	0.0	0.00015026810932448228
373	229	4.091253098741089e-15	0.0	0.0001327113732494362
374	23	4.25681919759102e-15	0.0	0.00012407027202862434
375	230	2.130074765707146e-38	0.0	0.00013130237076041163
376	231	2.6472709099492226e-15	1.1076454029164967e-14	0.00012985498460348245
377	232	0.0006288139284711527	0.0008060088382854533	0.00016092893491257332
378	233	8.102376086117657e-05	0.0	0.00012915489317350367
379	234	1.9682435321343188e-41	0.0	0.00014442218643288148
380	235	3.4208080430029636e-05	0.0	0.00012516599121525102
381	236	1.9682435321343188e-41	0.0	0.00014442218643288148
382	237	0.00035691381280125647	0.0	0.00016529955515871906
383	238	0.0004305625335081574	0.0	0.00012628042351350364
384	239	4.884345689163417e-15	0.0	0.00013198415728396648
385	24	2.8529141200499896e-06	0.0	0.00012466867654130373
386	240	0.00012376888288263954	0.0	0.00012727061461029852
387	241	3.92695019893826e-05	0.0	0.00012756438667398882
388	242	2.777368298073422e-15	0.0	0.0001274971804849953
389	243	5.771925829883609e-31	0.0	0.00012635517384279886
390	244	4.0462335117363757e-05	0.0	0.0001257553806835261
391	245	0.00043507497855091275	0.0	0.00012567946434582084
392	246	4.100870407377633e-05	0.0	0.00012586805391946284
393	247	2.6472709099492226e-15	0.0	0.00012985498460348245
394	248	4.056142574381281e-05	0.0	0.00012554934962352748
395	249	0.00047296409055117895	0.0	0.00016676851738195737
396	25	0.0025914493367789775	0.01046763206727502	0.00015680419368475676
397	250	0.002112078604126227	0.012190858628618158	0.00013965904087503462
398	251	5.771925829883609e-31	0.0	0.00012635517384279886
399	252	2.777368298073422e-15	0.0	0.0001274971804849953
400	253	0.00041407742599984743	0.0	0.0001269514941413192
401	254	0.0024140058944047307	0.004046590036365899	0.00023066964669090829
402	255	9.888147384666838e-15	0.0	0.00014030084209854692
403	256	3.328585369632178e-05	0.0	0.00012765499031064118
404	257	1.9475505646048633e-15	0.0	0.00012694882569498354
405	258	9.131294257947252e-15	0.0	0.00013317846282737705
406	259	0.0007149379319545736	0.0	0.00017821537119190272
407	26	3.332138740632266e-05	0.0	0.00012781569128351216
408	260	0.0005447243194792638	0.0	0.00012574867585951607
409	261	0.00036752410649621326	0.0	0.00016219556445087603
410	262	2.615683767988713e-15	0.0	0.00012720695832209452
411	263	4.25681919759102e-15	0.0	0.00012407027202862434
412	264	8.960671125630658e-07	0.0	0.00014972308309019942
413	265	9.144036861700865e-15	0.0	0.00013400510090762045
414	266	0.0009791125294803216	0.011201784339520035	0.00012992718962197733
415	267	0.0004213761217176179	0.013834194450262051	0.0001339017154201677
416	268	3.6548857322656934e-05	0.0	0.00012655661258352067
417	269	0.00019829959037481518	0.0	0.00014412105734890436
418	27	4.0812773172238074e-05	0.0	0.00012498276420853133
419	270	0.0007464774649182154	0.0	0.0001296339580375806
420	271	5.300676723744841e-33	0.0	0.00012959584658341379
421	272	2.6472709099492226e-15	1.7482434498053393e-14	0.00012985498460348245
422	273	0.004786896329753097	0.00410966829658235	0.00033240222569883026
423	274	3.92695019893826e-05	0.0	0.00012756438667398882
424	275	4.398186563247574e-15	0.0	0.00012379725111732602
425	276	0.0003422990455848371	0.0	0.00012638394938942148
426	277	0.0029197940900301035	0.0	0.0001542407786496484
427	278	0.0004907387629229088	0.0	0.00012790905152309585
428	279	2.815872390114357e-15	0.0	0.0001259528765099185
429	28	0.00041407742599984743	0.0	0.0001269514941413192
430	280	1.6584972135381401e-15	0.0	0.00012785496277057488
431	281	0.0001936146407973827	0.0	0.00014539218749922296
432	282	1.6584972135381401e-15	0.0	0.00012785496277057488
433	283	0.0007929735605182255	0.001839073182382678	0.00016068277585829394
434	284	3.782213936822201e-14	1.69938021789829e-14	0.00018487227888350715
435	285	4.398186563247574e-15	0.0	0.00012379725111732602
436	286	8.960671125630658e-07	0.0	0.00014972308309019942
437	287	3.26338719439152e-06	0.0	0.00012562955248492073
438	288	5.135477686433123e-07	0.0	0.00014142621977040974
439	289	0.0006529055954224217	0.0	0.000156878187244675
440	29	2.8529141200499896e-06	0.0	0.00012466867654130373
441	290	0.0004521551077981354	0.004513827315389411	0.000150104717435412
442	291	6.011361554569982e-07	0.0	0.00013195630766923023
443	292	5.771925829883609e-31	0.0	0.00012635517384279886
444	293	4.0812773172238074e-05	0.0	0.00012498276420853133
445	294	0.0004005076370371975	0.0	0.0001378070577688151
446	295	4.100870407377633e-05	0.0	0.00012586805391946284
447	296	4.158203982528675e-15	0.0	0.00013194299006364749
448	297	0.0007489356799159099	0.0	0.0001326107732337894
449	298	0.0034913980540752956	0.0	0.0002787475118847788
450	299	1.0327639597810494e-14	0.0	0.00014079232284448705
451	3	2.429840210891553e-15	0.0	0.00012677164410563818
452	30	2.8529141200499896e-06	0.0	0.00012466867654130373
453	300	0.00036574170728036616	0.009790883938890315	0.0001386286875648513
454	301	0.00044891455733054745	0.0	0.00012703655089566873
455	302	6.749393412635141e-05	0.0	0.0001306711443923417
456	303	2.815872390114357e-15	0.0	0.0001259528765099185
457	304	5.771925829883609e-31	0.0	0.00012635517384279886
458	305	6.892295073948e-15	0.0	0.00014849121840250902
459	306	0.0001580080230683253	0.0	0.00013450922911108378
460	307	0.0004218871785927152	0.0	0.00017184053478921523
461	308	0.0004913398990783658	0.0	0.00013771552205877558
462	309	0.0008731600932653666	0.010050392820191857	0.00013992437124426201
463	31	1.0556280588050687e-14	0.0	0.00014055897472565793
464	310	3.4208080430029636e-05	0.0	0.00012516599121525102
465	311	0.00015140142054703018	0.0	0.0001289108440193185
466	312	0.0017278996144791093	0.009260065444936676	0.00013947663901692616
467	313	1.6584972135381401e-15	0.0	0.00012785496277057488
468	314	4.25681919759102e-15	0.0	0.00012407027202862434
469	315	8.655005760838593e-15	0.0	0.00012571768601240036
470	316	2.130074765707146e-38	0.0	0.00013130237076041163
471	317	0.0005581002631521259	0.0	0.00012538882429531323
472	318	3.877956113522833e-15	0.0	0.00013193470786556
473	319	0.0005409530600125496	0.0	0.0001263473480926846
474	32	0.00037252572023384665	0.0	0.0001270576068112649
475	320	8.484725522456683e-06	0.00107553235906341	0.00013997992605787623
476	321	0.00017202571821551128	0.0	0.00014246134732032954
477	322	4.384911027189834e-15	0.0	0.00013234823248245369
478	323	1.6584972135381401e-15	0.0	0.00012785496277057488
479	324	0.0010760887716337948	0.004051559496543344	0.00016213592268044755
480	325	3.116805850792429e-05	0.0	0.00012985523600908894
481	326	3.956393641960153e-05	0.0	0.00012647819403681588
482	327	1.5655772076740643e-15	0.0	0.0001290483831906105
483	328	5.300676723744841e-33	0.0	0.00012959584658341379
484	329	0.0005545354850711712	0.0	0.00020841689551263375
485	33	1.5655772076740643e-15	0.0	0.0001290483831906105
486	330	1.9682435321343188e-41	0.0	0.00014442218643288148
487	331	0.0025931097050680635	0.0032758873294150394	0.00023011515138369028
488	332	0.00036941381140249903	0.0	0.00012811714235727204
489	333	1.5174702498675227e-14	0.0	0.00014908198381330463
490	334	7.397330470098264e-05	0.0	0.00013287016101040582
491	335	3.7424447378325696e-05	0.0	0.00012846338556043492
492	336	0.0005499952110789418	0.013525098717088097	0.00012874770774899962
493	337	0.003370155208815711	0.0	0.0001634892163860188
494	338	2.8529141200499896e-06	0.0	0.00012466867654130373
495	339	3.4208080430029636e-05	0.0	0.00012516599121525102
496	34	0.0003554564337730373	0.0	0.00013563302056031638
497	340	3.4208080430029636e-05	0.0	0.00012516599121525102
498	341	0.000493741773828833	0.0	0.00014399680049042882
499	342	4.25681919759102e-15	0.0	0.00012407027202862434
500	343	4.006458037769419e-05	0.0	0.00012710745951476695
501	344	3.273949780089321e-05	0.0	0.00012973451571075397
502	345	3.4208080430029636e-05	0.0	0.00012516599121525102
503	346	6.300446937342196e-05	0.0	0.00012450408356885954
504	347	0.00020188384707026582	0.0	0.00014152572570793243
505	348	0.0005894538832947419	0.0	0.00012536197551137534
506	349	0.00043507497855091275	0.0	0.00012567946434582084
507	35	3.116805850792429e-05	0.0	0.00012985523600908894
508	350	0.001152173253562991	0.0	0.0001295495421367957
509	351	2.777368298073422e-15	0.0	0.0001274971804849953
510	352	0.0005150424517498469	0.0008831793382542632	0.0002052324791478586
511	353	2.130074765707146e-38	0.0	0.00013130237076041163
512	354	0.0005499952110789418	0.0	0.00012874770774899962
513	355	6.749393412635141e-05	0.0	0.0001306711443923417
514	356	0.0006987719766503838	0.0	0.00015750920045088504
515	357	0.016659400339006127	0.0	0.00030886970294801954
516	358	1.4570389232097658e-59	0.0	0.000236825127056773
517	359	0.00016087514299648948	0.0	0.00013780750892201948
518	36	0.0003293881209695975	0.003749568898637635	0.00013812822494002177
519	360	0.00010369704927868097	0.0	0.000142397536967511
520	361	0.0008788755709232841	0.0019542089953814624	0.00017589252028037196
521	362	0.0016587420191661437	0.0	0.00020436824763536593
522	363	5.771925829883609e-31	0.0	0.00012635517384279886
523	364	0.0010801926462176506	0.0	0.0001311211899009207
524	365	8.484725522456683e-06	0.0	0.00013997992605787623
525	366	0.000796945689541241	0.0	0.0001650288000032842
526	367	0.00437520528043549	0.0	0.0003111045674253924
527	368	0.0005409530600125496	0.0	0.0001263473480926846
528	369	0.0013516992733385667	0.0	0.00015379389711408175
529	37	0.0004381594694677719	0.0	0.00012572967866284322
530	370	0.01050347874954342	0.0	0.0003257841700224776
531	371	2.429840210891553e-15	0.0	0.00012677164410563818
532	372	0.00047806677572993366	0.0	0.0001606124721513626
533	373	0.0005064880875256721	0.0	0.00013535849157920622
534	374	0.005210985989569187	0.0	0.0003617413402634967
535	375	5.771925829883609e-31	0.0	0.00012635517384279886
536	376	3.116805850792429e-05	0.0	0.00012985523600908894
537	377	5.6568303064151526e-15	0.0	0.0001396099193064962
538	378	0.000716431428236926	0.0	0.00013034726891098327
539	379	4.25681919759102e-15	0.0	0.00012407027202862434
540	38	2.4997067689905357e-15	0.0	0.0001262378644266231
541	380	5.853269994157998e-15	0.0	0.00013128415783109106
542	381	5.771925829883609e-31	0.0	0.00012635517384279886
543	382	0.0014683232821995093	0.010028559514760683	0.00013454892246215867
544	383	4.0812773172238074e-05	0.0	0.00012498276420853133
545	384	0.0005894538832947419	0.0	0.00012536197551137534
546	385	0.0003405200969833976	0.0	0.0001263588968099601
547	386	0.013130787611627314	0.0146311339796592	0.00028148014667134523
548	387	0.005210985989569187	0.003348446133534938	0.0003617413402634967
549	388	5.262954677937936e-15	1.350085897258043e-14	0.00013491210579202648
550	389	0.0004567882102556414	0.0	0.0001406174247257943
551	39	5.771925829883609e-31	0.0	0.00012635517384279886
552	390	0.0003442499088811033	0.0	0.00012708319202315807
553	391	0.00035282176670452985	0.0	0.00012830339643755658
554	392	2.8529141200499896e-06	0.0	0.00012466867654130373
555	393	2.1524602506487514e-14	0.0	0.00015405997470632998
556	394	0.02876218746928066	0.0	0.000542863188669136
557	395	0.0007126139126344921	0.0	0.00014223612899317932
558	396	6.6866594084825714e-15	0.0	0.00012869207900071203
559	397	0.0008999740934466163	0.01234535686975003	0.00013358075827871088
560	398	2.6472709099492226e-15	0.0	0.00012985498460348245
561	399	4.25681919759102e-15	0.0	0.00012407027202862434
562	4	0.00014910865018870264	0.0	0.0001268631532668246
563	40	0.0005193197154056786	0.0	0.00014300745648419447
564	400	0.0004563510637730331	0.0	0.0001270865173308072
565	401	3.9789492969863466e-05	0.0	0.00012710745951476695
566	402	3.9789492969863466e-05	0.0	0.00012710745951476695
567	403	0.00041407742599984743	0.0	0.0001269514941413192
568	404	3.956393641960153e-05	0.0	0.00012647819403681588
569	405	4.25681919759102e-15	0.0	0.00012407027202862434
570	406	0.0005129045578951935	0.0	0.00012607454258552092
571	407	1.6584972135381401e-15	0.0	0.00012785496277057488
572	408	4.091253098741089e-15	0.0	0.0001327113732494362
573	409	3.9873309535533174e-05	0.0	0.00012639922774602174
574	41	0.0016562624068057015	0.004470939901227357	0.00020378096629641068
575	410	0.005336217213407235	1.851446772607676e-14	0.00037166005443201196
576	411	1.0251456557405572e-14	0.0	0.00013293157181486708
577	412	6.928835512355015e-05	0.0	0.00013414129116072487
578	413	0.0003777181029905241	0.0	0.00013290582051497888
579	414	3.4208080430029636e-05	0.0	0.00012516599121525102
580	415	0.0050960251224100315	0.0	0.0003465619955976989
581	416	0.0003554564337730373	0.0	0.00013563302056031638
582	417	0.0001580080230683253	0.0	0.00013450922911108378
583	418	4.100870407377633e-05	0.0	0.00012586805391946284
584	419	0.00015140142054703018	0.0	0.0001289108440193185
585	42	3.273949780089321e-05	0.0	0.00012973451571075397
586	420	0.0004305625335081574	0.0	0.00012628042351350364
587	421	0.00027247538103035234	0.0024828092180099836	0.00015235907886536026
588	422	8.484725522456683e-06	0.0009858951566592664	0.00013997992605787623
589	423	3.332138740632266e-05	0.0	0.00012781569128351216
590	424	0.0015631588100884174	0.0	0.0001400305702252753
591	425	2.6472709099492226e-15	0.0	0.00012985498460348245
592	426	4.0812773172238074e-05	0.0	0.00012498276420853133
593	427	3.323664445092291e-05	0.0	0.00012672610394698106
594	428	4.25681919759102e-15	0.0	0.00012407027202862434
595	429	0.00041407742599984743	0.0	0.0001269514941413192
596	43	0.005080668053005205	4.763971195641849e-41	0.00034737616680829205
597	430	6.978550177357984e-05	0.0	0.00013113287939695196
598	431	3.956393641960153e-05	0.0	0.00012647819403681588
599	432	0.0006787308060291383	0.0	0.00015325780175494142
600	433	2.615683767988713e-15	0.0	0.00012720695832209452
601	434	0.00047318475563345764	0.0	0.00015333934886184466
602	435	2.429840210891553e-15	0.0	0.00012677164410563818
603	436	0.0008165856822560619	0.0	0.00012977713513657012
604	437	0.0008251669460784348	0.0018341800528074263	0.00017281344152922262
605	438	0.0009335932464046056	0.0	0.0001745183086445044
606	439	0.0019330818931928956	4.332806561835089e-33	0.00021900027793715526
607	44	0.0004907387629229088	0.0	0.00012790905152309585
608	440	0.0005894538832947419	0.0	0.00012536197551137534
609	441	0.00032932665838491615	0.010675154741367902	0.0001536535399908103
610	442	6.116301314441509e-06	0.0	0.00012814839189267396
611	443	2.4545054782718643e-15	0.0	0.0001273623503118788
612	444	1.732414814511095e-14	0.0	0.00013865504608630953
613	445	1.4570389232097655e-40	0.0	0.0001516768113122553
614	446	3.4208080430029636e-05	0.0	0.00012516599121525102
615	447	0.0010665712139970808	0.0	0.00019561463689057523
616	448	0.0014824770360259108	0.0	0.00013479909364470832
617	449	0.0005409530600125496	0.011647751636296205	0.0001263473480926846
618	45	1.2146781308659453e-14	0.0	0.0001391650491966035
619	450	1.583754660462549e-15	0.0	0.00012950828626108116
620	451	0.00037252572023384665	0.0	0.0001270576068112649
621	452	0.0005976944864112074	0.001039260758306715	0.00016388255244121047
622	453	0.00037413238265208873	0.0	0.0001261131566551123
623	454	0.0007146524796354864	0.0	0.00013032221633152189
624	455	3.323664445092291e-05	0.0	0.00012672610394698106
625	456	4.398186563247574e-15	0.0	0.00012379725111732602
626	457	1.2210691553710735e-14	0.0	0.00012887130706705732
627	458	4.7458502984532894e-15	0.0	0.00013235768692384443
628	459	0.0017374398643612724	0.009917090506059354	0.00013966220151935362
629	46	0.00036199619525488383	0.0	0.00012626393682273974
630	460	0.0003213856734030947	0.0	0.00015506109560488744
631	461	3.328585369632178e-05	0.0	0.00012765499031064118
632	462	0.0030701696870780214	0.01431624218049096	0.0001572478607275156
633	463	0.0017839732430041928	0.0	0.00021428696180388117
634	464	1.9682435321343188e-41	0.0	0.00014442218643288148
635	465	2.4318857502309792e-14	0.0	0.00015934695547723676
636	466	3.26338719439152e-06	0.0	0.00012562955248492073
637	467	0.001035956052601921	0.0	0.0001966435758012479
638	468	0.0047493302247725655	0.0	0.0003428091831069118
639	469	5.771925829883609e-31	0.0	0.00012635517384279886
640	47	0.0005581002631521259	0.0	0.00012538882429531323
641	470	5.771925829883609e-31	0.0	0.00012635517384279886
642	471	4.765849867634531e-14	0.0	0.00020106541035236634
643	472	1.243874506575308e-06	0.0	0.00016961472790475425
644	473	0.001700553787203163	0.0	0.00014488854925622606
645	474	8.484725522456683e-06	0.001106147473879389	0.00013997992605787623
646	475	2.8529141200499896e-06	0.0	0.00012466867654130373
647	476	4.0812773172238074e-05	0.0	0.00012498276420853133
648	477	0.0007766744783050613	0.0016255825811279504	0.00016199896472142303
649	478	0.00015140142054703018	0.0	0.0001289108440193185
650	479	0.002425785263301714	0.0	0.00022414226099224375
651	48	0.0003405200969833976	0.0	0.0001263588968099601
652	480	8.484725522456683e-06	9.05390999977488e-39	0.00013997992605787623
653	481	5.300676723744841e-33	0.0	0.00012959584658341379
654	482	6.749393412635141e-05	0.0	0.0001306711443923417
655	483	0.002452236705004808	0.0	0.00014850668536200306
656	484	0.0007109219146207977	0.0	0.00013164907168821386
657	485	1.1114065357971928e-14	0.0	0.00013221043524257645
658	486	0.0010380400602088681	0.0	0.0001304910070816362
659	487	3.9038608963074826e-05	0.0	0.0001279695258070849
660	488	3.273949780089321e-05	0.0	0.00012973451571075397
661	489	3.7424447378325696e-05	0.0	0.00012846338556043492
662	49	3.116805850792429e-05	0.0	0.00012985523600908894
663	490	2.476038533080282e-14	0.0	0.00016305920049688693
664	491	0.0004381594694677719	0.0	0.00012572967866284322
665	492	0.0009968029666580522	0.0010579169021369622	0.00023550288365875523
666	493	3.92695019893826e-05	0.0	0.00012756438667398882
667	494	0.0047454822626507055	0.0	0.0003319687186296672
668	495	0.0004381594694677719	0.0	0.00012572967866284322
669	496	0.0004907387629229088	0.0	0.00012790905152309585
670	497	0.0003092666721765244	0.004504300160937998	0.0001346890354978645
671	498	3.26338719439152e-06	0.0	0.00012562955248492073
672	499	0.00036574170728036616	0.014849232997133827	0.0001386286875648513
673	5	5.771925829883609e-31	0.0	0.00012635517384279886
674	50	0.0005499952110789418	0.014198968025350422	0.00012874770774899962
675	500	0.0007351086990532483	0.0	0.00016170324334461743
676	501	0.024907137513596574	0.013698727980167717	0.00048172739742979653
677	502	4.0386972486825005e-14	1.5709065406389333e-14	0.00018719457050324082
678	503	2.8529141200499896e-06	0.0	0.00012466867654130373
679	504	2.8529141200499896e-06	0.0	0.00012466867654130373
680	505	0.00036667200573969454	0.0	0.0001267157167986063
681	506	0.018846005773541175	0.012822121116242167	0.00033963874150562737
682	507	5.771925829883609e-31	0.0	0.00012635517384279886
683	508	0.0005064880875256721	0.0	0.00013535849157920622
684	509	3.273949780089321e-05	0.0	0.00012973451571075397
685	51	1.4570389232097658e-59	0.0	0.00025374569525645765
686	510	0.0004213761217176179	1.3827548838932735e-05	0.0001339017154201677
687	511	0.0002194502732495815	0.0	0.0001370592128150321
688	512	2.8529141200499896e-06	0.0	0.00012466867654130373
689	513	4.25681919759102e-15	0.0	0.00012407027202862434
690	514	3.332138740632266e-05	0.0	0.00012781569128351216
691	515	0.0004424821239918594	0.0	0.00014953963789863113
692	516	0.0004213761217176179	4.995385860441348e-55	0.0001339017154201677
693	517	0.0007390991172004825	0.0009767272373504346	0.00015785838577431975
694	518	6.6866594084825714e-15	0.0	0.00012869207900071203
695	519	8.655005760838593e-15	0.0	0.00012571768601240036
696	52	0.00044891455733054745	0.0	0.00012703655089566873
697	520	5.771925829883609e-31	0.0	0.00012635517384279886
698	521	0.009670405425257498	5.791876805319702e-42	0.00023582487493409277
699	522	3.92695019893826e-05	0.0	0.00012756438667398882
700	523	0.0008015334598535244	3.267306116327114e-05	0.00016752314389836617
701	524	3.332138740632266e-05	0.0	0.00012781569128351216
702	525	1.9475505646048633e-15	0.0	0.00012694882569498354
703	526	3.4208080430029636e-05	0.0	0.00012516599121525102
704	527	0.001529245600051397	0.0	0.00013951324031366303
705	528	0.01716817661939381	0.0	0.0003449374641055279
706	529	2.615683767988713e-15	0.0	0.00012720695832209452
707	53	6.116301314441509e-06	0.0	0.00012814839189267396
708	530	1.6422826118266428e-14	0.0	0.00014114231405806807
709	531	0.0009110276729189985	0.0	0.000185444622326745
710	532	0.0005447243194792638	0.0	0.00012574867585951607
711	533	8.03575041221732e-15	0.0	0.00013463993450770037
712	534	0.0004381594694677719	0.0	0.00012572967866284322
713	535	2.777368298073422e-15	0.0	0.0001274971804849953
714	536	0.00035282176670452985	0.0	0.00012830339643755658
715	537	4.100870407377633e-05	0.0	0.00012586805391946284
716	538	0.007259604032134418	0.0	0.00025155912348643743
717	539	0.0007395156092523722	0.0	0.00013648247628265445
718	54	3.328585369632178e-05	0.0	0.00012765499031064118
719	540	0.001680641969677901	0.00979293027212198	0.00014036340116057385
720	541	2.8529141200499896e-06	0.0	0.00012466867654130373
721	542	5.135477686433123e-07	0.0	0.00014142621977040974
722	543	5.771925829883609e-31	0.0	0.00012635517384279886
723	544	3.956393641960153e-05	0.0	0.00012647819403681588
724	545	3.956393641960153e-05	0.0	0.00012647819403681588
725	546	5.593240688187779e-15	0.0	0.0001313002198613633
726	547	2.615683767988713e-15	0.0	0.00012720695832209452
727	548	3.323664445092291e-05	0.0	0.00012672610394698106
728	549	1.732414814511095e-14	0.0	0.00013865504608630953
729	55	0.0005224226682554228	0.0	0.00012670965178299422
730	550	8.507457854187646e-15	0.0	0.0001347969750445583
731	551	2.429840210891553e-15	0.0	0.00012677164410563818
732	552	0.000896409493785587	0.009661932702081955	0.0001398305315194505
733	553	8.484725522456683e-06	0.0	0.00013997992605787623
734	554	0.0051926319444128835	0.0038382101217705683	0.0003598942798968682
735	555	5.6568303064151526e-15	0.0	0.0001396099193064962
736	556	0.0009018335767461345	0.0009448544427039827	0.000173473607598481
737	557	0.0005249793892195754	0.0	0.00012670965178299422
738	558	5.771925829883609e-31	0.0	0.00012635517384279886
739	559	0.0003031388091359358	0.004504300160937998	0.00013684714715933756
740	56	0.00012523122383804904	0.0	0.00013206855130206574
741	560	0.0008852444164626613	0.0	0.00012995773553592567
742	561	3.273949780089321e-05	0.0	0.00012973451571075397
743	562	0.0004567882102556414	0.0	0.0001406174247257943
744	563	0.0003432191561322211	0.0	0.00014217999029178012
745	564	1.4570389232097655e-40	0.0	0.0001516768113122553
746	565	0.00020188384707026582	0.0	0.00014152572570793243
747	566	0.000494475663607356	0.0	0.0002069463851329181
748	567	1.4305842999626173e-15	0.0	0.00013134789854296383
749	568	5.771925829883609e-31	0.0	0.00012635517384279886
750	569	0.00013358588001674318	0.0	0.000136020567894031
751	57	0.0005212988406202483	0.0	0.00020384062869920983
752	570	3.9873309535533174e-05	0.0	0.00012639922774602174
753	571	0.0005663905995256836	0.0	0.00012572967866284322
754	572	0.000857262004849113	0.0	0.00013020823440403504
755	573	3.323664445092291e-05	0.0	0.00012672610394698106
756	574	0.00022053952821836245	0.0	0.00013689926086948398
757	575	0.00048474998329759144	0.0	0.00019943385324923155
758	576	0.0003716018016760826	1.626152220114957e-05	0.00012690726575585542
759	577	4.398186563247574e-15	0.0	0.00012379725111732602
760	578	0.004703447816933769	0.003851535569746307	0.00032520159456578816
761	579	0.00016087514299648948	0.0	0.00013780750892201948
762	58	5.039993622724905e-05	0.0	0.00013173411052673807
763	580	0.0012524201671475657	0.009991273005946712	0.00014040718173462488
764	581	0.0016885072064594172	0.010077703733108923	0.00013279847363227218
765	582	1.2210691553710735e-14	0.0	0.00012887130706705732
766	583	1.4305842999626173e-15	0.0	0.00013134789854296383
767	584	3.6548857322656934e-05	0.0	0.00012655661258352067
768	585	0.0008052828733160299	0.000861841498109379	0.00016103912142006227
769	586	0.00036574170728036616	0.0	0.0001386286875648513
770	587	5.691585464073289e-15	0.0	0.0001309939356681903
771	588	0.00016309144496541093	0.0	0.0001290473149403906
772	589	3.6548857322656934e-05	0.0	0.00012655661258352067
773	59	0.0005499952110789418	0.009211899417823617	0.00012874770774899962
774	590	4.398186563247574e-15	0.0	0.00012379725111732602
775	591	5.777486817150551e-14	0.0	0.0002400104633154131
776	592	0.0005894538832947419	0.0	0.00012536197551137534
777	593	0.0005409530600125496	0.014004489150670613	0.0001263473480926846
778	594	0.003481639810112018	0.0	0.00015850889046833025
779	595	3.598607377641485e-05	0.0	0.000125746241193519
780	596	0.0005087312159900252	0.0	0.0001272891234465664
781	597	4.0812773172238074e-05	0.0	0.00012498276420853133
782	598	0.003041195636836751	0.0	0.00016078906546410424
783	599	1.1084845971730147e-14	0.0	0.00013033949298448804
784	6	0.0012095967130110793	0.0	0.00019139504384831888
785	60	3.332138740632266e-05	0.0	0.00012781569128351216
786	600	0.00043507497855091275	0.0	0.00012567946434582084
787	601	0.000879477090838705	0.0	0.00013116713727562187
788	602	8.506804210019675e-15	0.0	0.00013453884241744875
789	603	3.332138740632266e-05	0.0	0.00012781569128351216
790	604	2.615030123820742e-15	0.0	0.00012694882569498354
791	605	1.9304055489179697e-15	0.0	0.00012713571930412539
792	606	0.002211739132175268	0.013543771184984149	0.00014625151998891656
793	607	1.9682435321343188e-41	0.0	0.00014442218643288148
794	608	3.328585369632178e-05	0.0	0.00012765499031064118
795	609	0.0022611480810110643	0.0	0.0001545491695797068
796	61	5.335201376933169e-15	0.0	0.0001315478563996902
797	610	0.0008852444164626613	0.0	0.00012995773553592567
798	611	0.0008851085958949842	0.0016080298636159285	0.00017250134728972373
799	612	4.25681919759102e-15	0.0	0.00012407027202862434
800	613	3.956393641960153e-05	0.0	0.00012647819403681588
801	614	5.300676723744841e-33	0.0	0.00012959584658341379
802	615	1.9697304585650817e-05	0.0	0.00012793439956352453
803	616	0.0004305625335081574	0.0	0.00012628042351350364
804	617	4.0812773172238074e-05	0.0	0.00012498276420853133
805	618	4.0812773172238074e-05	0.0	0.00012498276420853133
806	619	3.9583249763284094e-05	0.0	0.00012493584052505107
807	62	0.029601463091870277	0.008906788004592438	0.0005559476974810553
808	620	8.102376086117657e-05	0.0	0.00012915489317350367
809	621	0.0008076725208739976	0.0	0.00013461849647680935
810	622	0.0016885072064594172	0.0	0.00013279847363227218
811	623	2.615683767988713e-15	0.0	0.00012720695832209452
812	624	5.300676723744841e-33	0.0	0.00012959584658341379
813	625	3.7424447378325696e-05	0.0	0.00012846338556043492
814	626	3.4208080430029636e-05	0.0	0.00012516599121525102
815	627	3.116805850792429e-05	0.0	0.00012985523600908894
816	628	3.92695019893826e-05	0.0	0.00012756438667398882
817	629	0.00025862019739989215	0.0	0.00015472052548760206
818	63	0.0005193197154056786	0.0008941385580839351	0.00014300745648419447
819	630	5.6280573218443885e-05	0.0	0.00012496020409052968
820	631	2.815872390114357e-15	0.0	0.0001259528765099185
821	632	5.300676723744841e-33	0.0	0.00012959584658341379
822	633	2.8529141200499896e-06	0.0	0.00012466867654130373
823	634	5.771925829883609e-31	0.0	0.00012635517384279886
824	635	0.0021162583953352747	0.0	0.00023210694846029968
825	636	2.429840210891553e-15	0.0	0.00012677164410563818
826	637	2.615683767988713e-15	0.0	0.00012720695832209452
827	638	8.484725522456683e-06	0.0010940865815662437	0.00013997992605787623
828	639	4.0812773172238074e-05	0.0	0.00012498276420853133
829	64	3.58890276245611e-15	0.0	0.00013284084494114977
830	640	0.002676799746498265	0.0	0.0001459643658532506
831	641	0.0028945991778309517	0.009658567318750139	0.0001633406968221133
832	642	0.0009961247515546429	0.0	0.00017690834040290463
833	643	6.011361554569982e-07	0.0	0.00013195630766923023
834	644	6.116301314441509e-06	0.0	0.00012814839189267396
835	645	8.484725522456683e-06	0.0008965842664742836	0.00013997992605787623
836	646	2.6472709099492226e-15	1.8288982301594932e-14	0.00012985498460348245
837	647	0.0003335372216586693	0.0	0.00012793114380406568
838	648	0.0002688164928324012	0.002880096702150522	0.00014383432583715567
839	649	0.0015631588100884174	0.0	0.0001400305702252753
840	65	3.116805850792429e-05	0.0	0.00012985523600908894
841	650	3.8819578185303956e-14	1.159918805652742e-14	0.0002080692879385364
842	651	2.615683767988713e-15	0.0	0.00012720695832209452
843	652	3.7424447378325696e-05	0.0	0.00012846338556043492
844	653	6.6866594084825714e-15	0.0	0.00012869207900071203
845	654	0.00028460533831171935	0.0010592515667605387	0.00017836163192032104
846	655	3.323664445092291e-05	0.0	0.00012672610394698106
847	656	0.0004305625335081574	0.0	0.00012628042351350364
848	657	0.00012376888288263954	0.0	0.00012727061461029852
849	658	3.481968136505541e-14	0.0	0.00019890226433321752
850	659	0.0011192690920777308	0.010635072331722296	0.00013063864327718286
851	66	0.00012523122383804904	0.0	0.00013206855130206574
852	660	0.0005180713707039141	0.0	0.00020509970739919292
853	661	0.0004381594694677719	0.0	0.00012572967866284322
854	662	0.003487146882202355	0.013025485488009391	0.00015684435786568498
855	663	3.273949780089321e-05	0.0	0.00012973451571075397
856	664	2.6784663284101707e-06	0.0	0.00017328995997622414
857	665	5.300676723744841e-33	0.0	0.00012959584658341379
858	666	0.0003684201736087763	0.0	0.00018976881040752493
859	667	0.00011079420584735617	0.0	0.0001348510961828649
860	668	3.332138740632266e-05	0.0	0.00012781569128351216
861	669	0.0003335372216586693	0.0	0.00012793114380406568
862	67	2.2461435294627534e-15	0.0	0.00012826965963077183
863	670	0.00020177442394664198	0.0	0.00014119483324217424
864	671	5.300676723744841e-33	0.0	0.00012959584658341379
865	672	2.4997067689905357e-15	0.0	0.0001262378644266231
866	673	0.0004305625335081574	0.0	0.00012628042351350364
867	674	4.398186563247574e-15	0.0	0.00012379725111732602
868	675	0.0005293142244380955	0.0	0.00012771903220098335
869	676	0.0004381594694677719	0.0	0.00012572967866284322
870	677	5.461710773985381e-15	0.0	0.00013929315699309292
871	678	0.00044587988378757333	0.0	0.00012631148107315087
872	679	1.9682435321343188e-41	0.0	0.00014442218643288148
873	68	0.0032518061715856193	0.004279898526357017	0.000267000687882538
874	680	0.00016541475352518212	0.0	0.00013461088868921766
875	681	1.2210691553710735e-14	0.0	0.00012887130706705732
876	682	0.00010288324837514495	0.0	0.00013222085693081746
877	683	0.003474677954446175	0.0	0.0001653574087134041
878	684	0.0007962430426670253	0.0	0.0001703824457017025
879	685	3.9038608963074826e-05	0.0	0.0001279695258070849
880	686	0.0012556055396480358	0.0	0.000134519727290656
881	687	0.001253566972647042	0.0	0.00014643363995231343
882	688	3.26338719439152e-06	0.0	0.00012562955248492073
883	689	0.00015173738858890567	0.002477973704447181	0.00013008614027356955
884	69	0.001700553787203163	0.0	0.00014488854925622606
885	690	0.0004473255359192657	0.0	0.0001931203048223459
886	691	3.92695019893826e-05	0.0	0.00012756438667398882
887	692	3.26338719439152e-06	0.0	0.00012562955248492073
888	693	6.011361554569982e-07	0.0	0.00013195630766923023
889	694	3.4208080430029636e-05	0.0	0.00012516599121525102
890	695	0.0019871506058904264	0.004185242321493219	0.00019550525151624504
891	696	3.273949780089321e-05	0.0	0.00012973451571075397
892	697	5.6568303064151526e-15	0.0	0.0001396099193064962
893	698	0.0012556055396480358	0.0	0.000134519727290656
894	699	0.00044587988378757333	0.0	0.00012631148107315087
895	7	0.00042188966948626124	0.009712347261885778	0.000153178098057027
896	70	5.771925829883609e-31	0.0	0.00012635517384279886
897	700	0.0011084736601730991	0.0	0.00013374805772676984
898	701	3.26338719439152e-06	0.0	0.00012562955248492073
899	702	2.6472709099492226e-15	2.4867734397336237e-14	0.00012985498460348245
900	703	0.0005409530600125496	0.0	0.0001263473480926846
901	704	2.2461435294627534e-15	0.0	0.00012826965963077183
902	705	5.300676723744841e-33	0.0	0.00012959584658341379
903	706	0.00037413238265208873	0.0	0.0001261131566551123
904	707	1.2029029880570359e-14	0.0	0.00014513576650807198
905	708	6.116301314441509e-06	0.0	0.00012814839189267396
906	709	0.0005193197154056786	0.0	0.00014300745648419447
907	71	5.300676723744841e-33	0.0	0.00012959584658341379
908	710	3.332138740632266e-05	0.0	0.00012781569128351216
909	711	4.398186563247574e-15	0.0	0.00012379725111732602
910	712	0.0003805052753745458	0.0	0.0001440902211844499
911	713	3.26338719439152e-06	0.0	0.00012562955248492073
912	714	3.9789492969863466e-05	0.0	0.00012710745951476695
913	715	1.6584972135381401e-15	0.0	0.00012785496277057488
914	716	6.978550177357984e-05	0.0	0.00013113287939695196
915	717	5.771925829883609e-31	0.0	0.00012635517384279886
916	718	2.0664721798167658e-14	0.0	0.00015825075805407646
917	719	4.25681919759102e-15	0.0	0.00012407027202862434
918	72	8.655005760838593e-15	0.0	0.00012571768601240036
919	720	1.9682435321343188e-41	0.0	0.00014442218643288148
920	721	3.956393641960153e-05	0.0	0.00012647819403681588
921	722	0.000323874840301102	0.0	0.00018377618146075937
922	723	6.116301314441509e-06	0.0	0.00012814839189267396
923	724	0.0011785818775109458	0.0	0.00013389123482575937
924	725	0.0007580085721776289	0.0	0.00016608583798646218
925	726	2.8529141200499896e-06	0.0	0.00012466867654130373
926	727	0.0011160292938902235	0.0	0.00013594838527371847
927	728	4.0462335117363757e-05	0.0	0.0001257553806835261
928	729	4.056142574381281e-05	0.0	0.00012554934962352748
929	73	0.00031268441004121683	0.0	0.00014324895553664583
930	730	8.655005760838593e-15	0.0	0.00012571768601240036
931	731	0.0004814903383993863	0.0	0.0001261897675634242
932	732	4.100870407377633e-05	0.0	0.00012586805391946284
933	733	0.0011084736601730991	0.0	0.00013374805772676984
934	734	0.0003805052753745458	0.0	0.0001440902211844499
935	735	0.00039880263053122003	0.0	0.00015042782987783148
936	736	4.398186563247574e-15	0.0	0.00012379725111732602
937	737	1.59573113847179e-14	0.0	0.00016576766853630166
938	738	3.956393641960153e-05	0.0	0.00012647819403681588
939	739	0.0005499952110789418	0.010181412640630483	0.00012874770774899962
940	74	0.0011785818775109458	0.0	0.00013389123482575937
941	740	0.00037577166644972674	0.0	0.00012616830397416134
942	741	0.0016587420191661437	0.0	0.00020436824763536593
943	742	4.0812773172238074e-05	0.0	0.00012498276420853133
944	743	2.429840210891553e-15	0.0	0.00012677164410563818
945	744	0.00036199619525488383	0.0	0.00012626393682273974
946	745	1.0085590060801211e-14	0.0	0.00013491574742181646
947	746	0.0002219425957734969	0.0	0.00013479021416269764
948	747	0.0001083050032097278	0.0	0.0001261431971936858
949	748	0.0008239951280642986	0.0044343293465451995	0.00017628800476938815
950	749	0.0005499952110789418	0.0	0.00012874770774899962
951	75	6.011361554569982e-07	0.0	0.00013195630766923023
952	750	5.231873776345286e-15	0.0	0.00013270969366332525
953	751	6.978550177357984e-05	0.0	0.00013113287939695196
954	752	1.5655772076740643e-15	0.0	0.0001290483831906105
955	753	5.461710773985381e-15	0.0	0.00013929315699309292
956	754	4.398186563247574e-15	0.0	0.00012379725111732602
957	755	0.00036574170728036616	0.01447899304497861	0.0001386286875648513
958	756	5.771925829883609e-31	0.0	0.00012635517384279886
959	757	5.300676723744841e-33	0.0	0.00012959584658341379
960	758	2.815872390114357e-15	0.0	0.0001259528765099185
961	759	3.26338719439152e-06	0.0	0.00012562955248492073
962	76	1.6584972135381401e-15	0.0	0.00012785496277057488
963	760	5.135477686433123e-07	0.0	0.00014142621977040974
964	761	0.02982356736698438	0.0	0.000559311570521209
965	762	1.9304055489179697e-15	0.0	0.00012713571930412539
966	763	0.0003590210334340669	0.0	0.00012938324731957677
967	764	2.130074765707146e-38	0.0	0.00013130237076041163
968	765	0.00024468532239380693	0.004460555285399632	0.0001348936715445493
969	766	0.0005581002631521259	0.0	0.00012538882429531323
970	767	0.0003422990455848371	0.0	0.00012638394938942148
971	768	3.4208080430029636e-05	0.0	0.00012516599121525102
972	769	5.6568303064151526e-15	0.0	0.0001396099193064962
973	77	2.2461435294627534e-15	0.0	0.00012826965963077183
974	770	8.484725522456683e-06	0.0	0.00013997992605787623
975	771	0.00036752410649621326	2.423808963466513e-05	0.00016219556445087603
976	772	4.1770579218778465e-05	0.0009227804677795105	0.00014548507923496692
977	773	3.328585369632178e-05	0.0	0.00012765499031064118
978	774	0.00026314986923796536	0.0	0.00013315580577107232
979	775	1.3811011829906866e-14	0.0	0.00014444928062551246
980	776	0.0010243998620863466	0.0	0.0001306272009098066
981	777	3.9038608963074826e-05	0.0	0.0001279695258070849
982	778	5.771925829883609e-31	0.0	0.00012635517384279886
983	779	2.777368298073422e-15	0.0	0.0001274971804849953
984	78	0.02945782565970401	0.009891893430677926	0.0005428327200899083
985	780	0.0004434417725241368	0.0	0.00012760185594183168
986	781	0.0003950396835363214	0.0	0.00013841902395181696
987	782	0.00039469587783526447	0.0	0.00012868011258315994
988	783	3.0759016960845755e-15	0.0	0.00012593681447964627
989	784	2.130074765707146e-38	0.0	0.00013130237076041163
990	785	2.6133896169857815e-14	0.0	0.0001691552727795836
991	786	3.328585369632178e-05	0.0	0.00012765499031064118
992	787	5.771925829883609e-31	0.0	0.00012635517384279886
993	788	3.116805850792429e-05	0.0	0.00012985523600908894
994	789	1.9697304585650817e-05	0.0	0.00012793439956352453
995	79	0.002227763044063043	0.015052995214993783	0.00016192901715621688
996	790	1.6057968582841562e-14	0.0	0.00014358076269518238
997	791	4.0812773172238074e-05	0.0	0.00012498276420853133
998	792	1.4570389232097655e-40	0.0	0.0001516768113122553
999	793	0.0017021684646419328	0.0	0.00013614741275224483
1000	794	3.26338719439152e-06	0.0	0.00012562955248492073
1001	795	2.615683767988713e-15	0.0	0.00012720695832209452
1002	796	0.0004907387629229088	0.0	0.00012790905152309585
1003	797	0.0019602808828879637	4.7639711956418494e-61	0.00015481865661518492
1004	798	1.9697304585650817e-05	0.0	0.00012793439956352453
1005	799	0.00030145439796427855	0.0	0.0001513259948160282
1006	8	0.0009827373151435664	0.014292384318916052	0.00013128288380486112
1007	80	0.0007240225362201805	0.0	0.00016018381544041974
1008	800	0.0003777181029905241	0.0	0.00013290582051497888
1009	801	0.00044587988378757333	0.0	0.00012631148107315087
1010	802	8.484725522456683e-06	0.0008988688127729478	0.00013997992605787623
1011	803	0.0005409530600125496	0.011853278035612775	0.0001263473480926846
1012	804	8.837103397194378e-15	0.0	0.00014291922303973014
1013	805	0.00043507497855091275	0.0	0.00012567946434582084
1014	806	3.4208080430029636e-05	0.0	0.00012516599121525102
1015	807	4.056142574381281e-05	0.0	0.00012554934962352748
1016	808	1.4022447923900244e-14	1.4966776370927602e-14	0.00013802186418704037
1017	809	5.771925829883609e-31	0.0	0.00012635517384279886
1018	81	0.001982963941844318	0.012144194856188326	0.00014372687535641913
1019	810	5.771925829883609e-31	0.0	0.00012635517384279886
1020	811	2.8529141200499896e-06	0.0	0.00012466867654130373
1021	812	0.0008062582983194556	0.0	0.0001602272426854449
1022	813	2.615030123820742e-15	0.0	0.00012694882569498354
1023	814	0.0005581002631521259	0.0	0.00012538882429531323
1024	815	0.001938007642092051	0.010259945642111136	0.0001379968833604942
1025	816	5.300676723744841e-33	0.0	0.00012959584658341379
1026	817	2.130074765707146e-38	0.0	0.00013130237076041163
1027	818	2.6472709099492226e-15	1.0005212064578267e-14	0.00012985498460348245
1028	819	0.0196772460963024	0.0	0.00036228034606514495
1029	82	3.116805850792429e-05	0.0	0.00012985523600908894
1030	820	0.000323874840301102	0.0	0.00018377618146075937
1031	821	1.4017695147185972e-05	0.0	0.00013010195534279628
1032	822	1.2210691553710735e-14	0.0	0.00012887130706705732
1033	823	4.0462335117363757e-05	0.0	0.0001257553806835261
1034	824	1.6584972135381401e-15	0.0	0.00012785496277057488
1035	825	3.116805850792429e-05	0.0	0.00012985523600908894
1036	826	5.300676723744841e-33	0.0	0.00012959584658341379
1037	827	0.00020885111210122207	0.0	0.00012907176808983498
1038	828	5.300676723744841e-33	0.0	0.00012959584658341379
1039	829	0.0005894538832947419	0.0	0.00012536197551137534
1040	83	4.398186563247574e-15	0.0	0.00012379725111732602
1041	830	8.484725522456683e-06	0.001091414729010111	0.00013997992605787623
1042	831	2.6472709099492226e-15	0.0	0.00012985498460348245
1043	832	3.92695019893826e-05	0.0	0.00012756438667398882
1044	833	0.0005064880875256721	0.0	0.00013535849157920622
1045	834	3.92695019893826e-05	0.0	0.00012756438667398882
1046	835	0.0015744102337694678	0.014733139849045113	0.00013548569321282215
1047	836	4.0812773172238074e-05	0.0	0.00012498276420853133
1048	837	3.323664445092291e-05	0.0	0.00012672610394698106
1049	838	3.6548857322656934e-05	0.0	0.00012655661258352067
1050	839	0.0004305625335081574	0.0	0.00012628042351350364
1051	84	4.616039647623773e-14	1.942434207322549e-14	0.0002138937340577914
1052	840	2.6472709099492226e-15	1.9024317713399818e-14	0.00012985498460348245
1053	841	3.6548857322656934e-05	0.0	0.00012655661258352067
1054	842	2.777368298073422e-15	0.0	0.0001274971804849953
1055	843	5.300676723744841e-33	0.0	0.00012959584658341379
1056	844	7.993788991322735e-05	0.0	0.00013135685012723898
1057	845	1.1114065357971928e-14	0.0	0.00013221043524257645
1058	846	0.0009337037921758452	0.0	0.0001302953304009829
1059	847	0.0010358685823554825	0.0	0.0001918149259273617
1060	848	0.004717637706861321	0.004276354426502037	0.00032066177298659837
1061	849	3.5313052250674124e-15	0.0	0.00013430727482251643
1062	85	0.00046725008926596875	0.0	0.0001538142021496756
1063	850	0.00015158826254914532	0.0	0.00012745043460579589
1064	851	0.0006984281106147891	0.00036789176668005377	0.00015904236418491546
1065	852	5.771925829883609e-31	0.0	0.00012635517384279886
1066	853	7.827022729603652e-05	0.0008979117447671906	0.0001489629683212777
1067	854	1.9682435321343188e-41	0.0	0.00014442218643288148
1068	855	0.00023930829444859152	0.0	0.0001478392741348173
1069	856	0.0024977857002219973	0.0	0.0002532840607506937
1070	857	0.0005409530600125496	0.015319242234287999	0.0001263473480926846
1071	858	3.956393641960153e-05	0.0	0.00012647819403681588
1072	859	1.4570389232097655e-40	0.0	0.0001516768113122553
1073	86	0.000857262004849113	0.0	0.00013020823440403504
1074	860	2.8529141200499896e-06	0.0	0.00012466867654130373
1075	861	0.00016015802198782173	0.0	0.0001299757193645904
1076	862	0.00043507497855091275	0.0	0.00012567946434582084
1077	863	0.028080715853054126	0.010293561302886974	0.0005420565471398673
1078	864	5.300676723744841e-33	0.0	0.00012959584658341379
1079	865	0.00042618759333408474	0.0	0.0001269816442866491
1080	866	1.2210691553710735e-14	0.0	0.00012887130706705732
1081	867	0.002659652543358688	0.0	0.00014692288965062198
1082	868	2.615683767988713e-15	0.0	0.00012720695832209452
1083	869	0.0003442499088811033	0.0	0.00012708319202315807
1084	87	5.11056875097256e-07	0.0	0.00016008865650259801
1085	870	0.0008307099980294606	0.0	0.00016444728884723746
1086	871	1.7296792772663432e-14	0.0	0.00014838588687339925
1087	872	0.0011012917098013517	0.004475847187188874	0.000187401683788115
1088	873	2.130074765707146e-38	0.0	0.00013130237076041163
1089	874	0.0008109136184907471	0.0	0.00016923757922220826
1090	875	3.273949780089321e-05	0.0	0.00012973451571075397
1091	876	0.0004522991211259631	0.0	0.0001582895911823636
1092	877	4.100870407377633e-05	0.0	0.00012586805391946284
1093	878	2.429840210891553e-15	0.0	0.00012677164410563818
1094	879	0.0008522368954676195	0.0	0.00013053133567061194
1095	88	0.0007963717828907121	0.0	0.00016778352715139707
1096	880	6.749393412635141e-05	0.0	0.0001306711443923417
1097	881	1.7387895684680516e-14	0.0	0.00017496572994571776
1098	882	1.3869188767248875e-14	0.0	0.0001345764327040817
1099	883	1.6584972135381401e-15	0.0	0.00012785496277057488
1100	884	4.0309490204005605e-05	0.0	0.00012592677017336072
1101	885	0.00021995721173607925	0.0	0.000139221437813172
1102	886	1.4570389232097655e-40	0.0	0.0001516768113122553
1103	887	3.116805850792429e-05	0.0	0.00012985523600908894
1104	888	2.6472709099492226e-15	1.0949324667322207e-14	0.00012985498460348245
1105	889	3.4208080430029636e-05	0.0	0.00012516599121525102
1106	89	4.056142574381281e-05	0.0	0.00012554934962352748
1107	890	0.00027398035956815395	0.0	0.0001320295549435793
1108	891	3.7424447378325696e-05	0.0	0.00012846338556043492
1109	892	0.0005007587186155011	0.0	0.00012712238881317365
1110	893	2.2461435294627534e-15	0.0	0.00012826965963077183
1111	894	3.4208080430029636e-05	0.0	0.00012516599121525102
1112	895	0.0003442499088811033	0.0	0.00012708319202315807
1113	896	0.0007672581010529747	0.011996115754071073	0.0001346969352634174
1114	897	0.0025383232633123805	0.004358070153471254	0.0002272110336370858
1115	898	4.100870407377633e-05	0.0	0.00012586805391946284
1116	899	5.6568303064151526e-15	0.0	0.0001396099193064962
1117	9	0.002130917058585035	0.012062155436368847	0.00014198549911577764
1118	90	2.6472709099492226e-15	0.0	0.00012985498460348245
1119	900	0.00035412540823510566	0.0	0.00015076999162996448
1120	901	1.9682435321343188e-41	0.0	0.00014442218643288148
1121	902	6.116301314441509e-06	0.0	0.00012814839189267396
1122	903	6.749393412635141e-05	0.0	0.0001306711443923417
1123	904	1.1863461265302003e-14	0.0	0.00013965029206407798
1124	905	0.0010849829845784081	0.011527084188780828	0.0001307430170838445
1125	906	3.323664445092291e-05	0.0	0.00012672610394698106
1126	907	4.398186563247574e-15	0.0	0.00012379725111732602
1127	908	7.639080229718017e-54	0.0	0.00017905806618712176
1128	909	0.0007356073693814945	0.0	0.0001650169961099581
1129	91	0.0011304069433072915	0.015094953278459389	0.00012955948647050945
1130	910	1.6584972135381401e-15	0.0	0.00012785496277057488
1131	911	2.6472709099492226e-15	0.0	0.00012985498460348245
1132	912	0.00017657178221976505	0.0	0.00014762022080073406
1133	913	3.328585369632178e-05	0.0	0.00012765499031064118
1134	914	0.0005499952110789418	0.011543805930894786	0.00012874770774899962
1135	915	1.461615119679756e-14	0.0	0.00014249693067345457
1136	916	6.116301314441509e-06	0.0	0.00012814839189267396
1137	917	0.0012518749746333474	0.0	0.00013584658264734797
1138	918	3.7424447378325696e-05	0.0	0.00012846338556043492
1139	919	7.929491788314987e-15	0.0	0.00013595468880629245
1140	92	0.0003554564337730373	0.0	0.00013563302056031638
1141	920	0.0006741031300602023	0.0017758758684109468	0.0001532789766022165
1142	921	1.2210691553710735e-14	0.0	0.00012887130706705732
1143	922	0.0003752257803758909	0.0	0.00015444550735315218
1144	923	0.00036880981078388366	0.0	0.0001330168222192352
1145	924	8.484725522456683e-06	0.0010806898180016251	0.00013997992605787623
1146	925	4.091253098741089e-15	0.0	0.0001327113732494362
1147	926	3.116805850792429e-05	0.0	0.00012985523600908894
1148	927	6.116301314441509e-06	0.0	0.00012814839189267396
1149	928	2.130074765707146e-38	0.0	0.00013130237076041163
1150	929	0.0020308062520442544	0.011767501480182626	0.00013703258588814316
1151	93	3.332138740632266e-05	0.0	0.00012781569128351216
1152	930	0.0013306289260096246	0.010165583886947228	0.00014182824143332387
1153	931	0.012904295535049336	0.0014430783458088874	0.00027373263653651436
1154	932	3.4208080430029636e-05	0.0	0.00012516599121525102
1155	933	1.4570389232097655e-40	0.0	0.0001516768113122553
1156	934	0.00037934585568180043	0.0	0.0001268417311678073
1157	935	1.243874506575308e-06	0.0	0.00016961472790475425
1158	936	0.003464518409509367	0.0	0.000157839617375614
1159	937	5.0701892462605774e-15	0.0	0.00013241947150042447
1160	938	0.0004907387629229088	0.0	0.00012790905152309585
1161	939	0.0023864559469926007	0.0	0.00016285434721515039
1162	94	3.6731462709601176e-05	0.0	0.0001271194529820013
1163	940	3.4208080430029636e-05	0.0	0.00012516599121525102
1164	941	2.130074765707146e-38	0.0	0.00013130237076041163
1165	942	6.011361554569982e-07	0.0	0.00013195630766923023
1166	943	0.00044891455733054745	0.0	0.00012703655089566873
1167	944	0.0005499952110789418	0.010578198801117917	0.00012874770774899962
1168	945	0.0004506397769851688	0.0	0.00012731114951371482
1169	946	0.005026909377011685	0.004330659138059876	0.0003413640294534733
1170	947	4.0462335117363757e-05	0.0	0.0001257553806835261
1171	948	0.00048474998329759144	0.0008408060888667541	0.00019943385324923033
1172	949	7.993788991322735e-05	0.0	0.00013135685012723898
1173	95	0.003677475194241093	0.004055569762938619	0.0002894416439301067
1174	950	5.771925829883609e-31	0.0	0.00012635517384279886
1175	951	0.0001083050032097278	0.0	0.0001261431971936858
1176	952	0.00036192337325741987	0.0	0.00012776099829688972
1177	953	0.0007126139126344921	0.0	0.00014223612899317932
1178	954	5.300676723744841e-33	0.0	0.00012959584658341379
1179	955	0.003573748148178841	0.004308523045233935	0.0002689727202392915
1180	956	3.9038608963074826e-05	0.0	0.0001279695258070849
1181	957	3.4208080430029636e-05	0.0	0.00012516599121525102
1182	958	0.00035282176670452985	0.0	0.00012830339643755658
1183	959	4.0812773172238074e-05	0.0	0.00012498276420853133
1184	96	4.0812773172238074e-05	0.0	0.00012498276420853133
1185	960	3.956393641960153e-05	0.0	0.00012647819403681588
1186	961	6.749393412635141e-05	0.0	0.0001306711443923417
1187	962	4.25681919759102e-15	0.0	0.00012407027202862434
1188	963	2.777368298073422e-15	0.0	0.0001274971804849953
1189	964	0.0003422990455848371	0.0	0.00012638394938942148
1190	965	0.0003805052753745458	0.0	0.0001440902211844499
1191	966	0.0004213761217176179	0.0	0.0001339017154201677
1192	967	3.332138740632266e-05	0.0	0.00012781569128351216
1193	968	0.0003335372216586693	0.0	0.00012793114380406568
1194	969	0.004905179801264627	0.0	0.00024007175769603676
1195	97	0.00022053952821836245	0.0	0.00013689926086948398
1196	970	3.26338719439152e-06	0.0	0.00012562955248492073
1197	971	2.6472709099492226e-15	1.7198156552628747e-14	0.00012985498460348245
1198	972	2.429840210891553e-15	0.0	0.00012677164410563818
1199	973	5.771925829883609e-31	0.0	0.00012635517384279886
1200	974	1.4570389232097655e-40	0.0	0.0001516768113122553
1201	975	3.956393641960153e-05	0.0	0.00012647819403681588
1202	976	6.978550177357984e-05	0.0	0.00013113287939695196
1203	977	0.00036199619525488383	0.0	0.00012626393682273974
1204	978	4.398186563247574e-15	0.0	0.00012379725111732602
1205	979	1.2210691553710735e-14	0.0	0.00012887130706705732
1206	98	8.484725522456683e-06	0.0010732733515011771	0.00013997992605787623
1207	980	2.429840210891553e-15	0.0	0.00012677164410563818
1208	981	3.273949780089321e-05	0.0	0.00012973451571075397
1209	982	2.777368298073422e-15	0.0	0.0001274971804849953
1210	983	1.5655772076740643e-15	0.0	0.0001290483831906105
1211	984	0.00036941381140249903	0.0	0.00012811714235727204
1212	985	5.300676723744841e-33	0.0	0.00012959584658341379
1213	986	3.328585369632178e-05	0.0	0.00012765499031064118
1214	987	0.0005064880875256721	0.0	0.00013535849157920622
1215	988	0.0003335372216586693	0.0	0.00012793114380406568
1216	989	6.011361554569982e-07	0.0	0.00013195630766923023
1217	99	0.0008731554729181858	0.0	0.0001667018584227434
1218	990	0.0004305625335081574	0.0	0.00012628042351350364
1219	991	3.116805850792429e-05	0.0	0.00012985523600908894
1220	992	2.7201712531124274e-15	0.0	0.00012674886783825716
1221	993	0.00017832367368370846	0.0	0.00014353310441452853
1222	994	1.3286911900552973e-14	0.0	0.000144222649617759
1223	995	3.839614203446834e-05	0.0	0.00013200678550502693
1224	996	0.0017598619612198636	0.009312788292931057	0.00013929472629480185
1225	997	3.116805850792429e-05	0.0	0.00012985523600908894
1226	998	3.4208080430029636e-05	0.0	0.00012516599121525102
1227	999	0.00017657178221976505	0.0	0.00014762022080073406
